{
  "hash": "85ecbbb3",
  "configHash": "c6f10902",
  "lockfileHash": "e1854c5a",
  "browserHash": "b917acb7",
  "optimized": {
    "@angular/common/http": {
      "src": "../../../../../../node_modules/@angular/common/fesm2022/http.mjs",
      "file": "@angular_common_http.js",
      "fileHash": "ccafd548",
      "needsInterop": false
    },
    "@angular/core": {
      "src": "../../../../../../node_modules/@angular/core/fesm2022/core.mjs",
      "file": "@angular_core.js",
      "fileHash": "69433b56",
      "needsInterop": false
    },
    "@angular/forms": {
      "src": "../../../../../../node_modules/@angular/forms/fesm2022/forms.mjs",
      "file": "@angular_forms.js",
      "fileHash": "7e7ca63c",
      "needsInterop": false
    },
    "@angular/platform-browser": {
      "src": "../../../../../../node_modules/@angular/platform-browser/fesm2022/platform-browser.mjs",
      "file": "@angular_platform-browser.js",
      "fileHash": "4750432f",
      "needsInterop": false
    },
    "@angular/router": {
      "src": "../../../../../../node_modules/@angular/router/fesm2022/router.mjs",
      "file": "@angular_router.js",
      "fileHash": "98400e1a",
      "needsInterop": false
    },
    "ag-grid-angular": {
      "src": "../../../../../../node_modules/ag-grid-angular/fesm2022/ag-grid-angular.mjs",
      "file": "ag-grid-angular.js",
      "fileHash": "4021a483",
      "needsInterop": false
    },
    "@angular/common": {
      "src": "../../../../../../node_modules/@angular/common/fesm2022/common.mjs",
      "file": "@angular_common.js",
      "fileHash": "b058d9ab",
      "needsInterop": false
    },
    "tslib": {
      "src": "../../../../../../node_modules/tslib/tslib.es6.mjs",
      "file": "tslib.js",
      "fileHash": "64623679",
      "needsInterop": false
    },
    "ngx-toastr": {
      "src": "../../../../../../node_modules/ngx-toastr/fesm2022/ngx-toastr.mjs",
      "file": "ngx-toastr.js",
      "fileHash": "6a9b8637",
      "needsInterop": false
    },
    "@angular/platform-browser/animations": {
      "src": "../../../../../../node_modules/@angular/platform-browser/fesm2022/animations.mjs",
      "file": "@angular_platform-browser_animations.js",
      "fileHash": "2c4250d1",
      "needsInterop": false
    }
  },
  "chunks": {
    "chunk-CK3MWBOX": {
      "file": "chunk-CK3MWBOX.js"
    },
    "chunk-W7YPT4KP": {
      "file": "chunk-W7YPT4KP.js"
    },
    "chunk-IDHMGYKA": {
      "file": "chunk-IDHMGYKA.js"
    },
    "chunk-2U3GEBTA": {
      "file": "chunk-2U3GEBTA.js"
    },
    "chunk-RPND7EMJ": {
      "file": "chunk-RPND7EMJ.js"
    },
    "chunk-RKL7JSJN": {
      "file": "chunk-RKL7JSJN.js"
    }
  }
}